1216976.AX27061_2858,AHC47320.1,annotation&nbsp;not&nbsp;available,98.8
1216976.AX27061_4989,nuoE,annotation&nbsp;not&nbsp;available,98.8
1216976.AX27061_5924,strE_5,annotation&nbsp;not&nbsp;available,98.8
1216976.AX27061_1077,lspA_1,Lipoprotein&nbsp;signal&nbsp;peptidase,98.8
1216976.AX27061_2904,AHC47366.1,annotation&nbsp;not&nbsp;available,98.7
1216976.AX27061_1464,rseB,annotation&nbsp;not&nbsp;available,98.7
1216976.AX27061_0024,ugpC_1,annotation&nbsp;not&nbsp;available,98.7
1216976.AX27061_0082,glnP_1,annotation&nbsp;not&nbsp;available,98.7
1216976.AX27061_6072,gsiA_27,annotation&nbsp;not&nbsp;available,98.6
1216976.AX27061_0553,ycgM_1,annotation&nbsp;not&nbsp;available,98.6
1216976.AX27061_5027,rbsA_2,annotation&nbsp;not&nbsp;available,98.6
1216976.AX27061_2241,ccmB_1,Heme&nbsp;exporter&nbsp;protein&nbsp;B,98.6
1216976.AX27061_1270,yclQ_1,annotation&nbsp;not&nbsp;available,98.6
1216976.AX27061_3902,xseA,Exodeoxyribonuclease&nbsp;7&nbsp;large&nbsp;subunit,98.6
1216976.AX27061_5021,accA1_3,annotation&nbsp;not&nbsp;available,98.5
1216976.AX27061_0582,argJ,Arginine&nbsp;biosynthesis&nbsp;bifunctional&nbsp;protein&nbsp;ArgJ,98.5
1216976.AX27061_5246,aspC_3,annotation&nbsp;not&nbsp;available,98.4
1216976.AX27061_2443,flgF,annotation&nbsp;not&nbsp;available,98.4
1216976.AX27061_1013,ompR_1,annotation&nbsp;not&nbsp;available,98.4
1216976.AX27061_2248,psrA,annotation&nbsp;not&nbsp;available,98.4
1216976.AX27061_2509,ppsA_2,Phosphoenolpyruvate&nbsp;synthase,98.3
1216976.AX27061_4489,AHC48947.1,annotation&nbsp;not&nbsp;available,98.3
1216976.AX27061_6033,rplK,50S&nbsp;ribosomal&nbsp;protein&nbsp;L11,98.2
1216976.AX27061_2442,flgE,annotation&nbsp;not&nbsp;available,98.2
1216976.AX27061_3701,lolD,Lipoprotein-releasing&nbsp;system&nbsp;ATP-binding&nbsp;protein&nbsp;LolD,98.2
1216976.AX27061_4904,AHC49360.1,annotation&nbsp;not&nbsp;available,98.2
1216976.AX27061_1456,fabH,3-oxoacyl-[acyl-carrier-protein]&nbsp;synthase&nbsp;3,98.1
1216976.AX27061_4930,maeB_2,annotation&nbsp;not&nbsp;available,98.1
1216976.AX27061_2037,leuB,3-isopropylmalate&nbsp;dehydrogenase,98.1
1216976.AX27061_1272,feuC_2,annotation&nbsp;not&nbsp;available,98.1
1216976.AX27061_1708,AHC46173.1,annotation&nbsp;not&nbsp;available,98.1
1216976.AX27061_2739,algD,annotation&nbsp;not&nbsp;available,98.0
1216976.AX27061_1705,potA_3,annotation&nbsp;not&nbsp;available,98.0
1216976.AX27061_4682,AHC49139.1,annotation&nbsp;not&nbsp;available,98.0
1216976.AX27061_0899,bdlA_1,annotation&nbsp;not&nbsp;available,98.0
1216976.AX27061_0129,metC_1,annotation&nbsp;not&nbsp;available,98.0
1216976.AX27061_0979,araG_1,annotation&nbsp;not&nbsp;available,98.0
1216976.AX27061_1783,thrC_2,annotation&nbsp;not&nbsp;available,97.9
1216976.AX27061_1880,ydcV_2,annotation&nbsp;not&nbsp;available,97.9
1216976.AX27061_2384,plcN_3,annotation&nbsp;not&nbsp;available,97.8
1216976.AX27061_2911,andAc_2,annotation&nbsp;not&nbsp;available,97.8
1216976.AX27061_5292,pyrF,annotation&nbsp;not&nbsp;available,97.8
1216976.AX27061_3203,glnQ_4,annotation&nbsp;not&nbsp;available,97.8
1216976.AX27061_5797,livH_29,annotation&nbsp;not&nbsp;available,97.8
1216976.AX27061_1325,AHC45790.1,annotation&nbsp;not&nbsp;available,97.7
1216976.AX27061_0469,gshA,annotation&nbsp;not&nbsp;available,97.7
1216976.AX27061_2412,lpdA,annotation&nbsp;not&nbsp;available,97.7
1216976.AX27061_5082,maeB_3,annotation&nbsp;not&nbsp;available,97.7
1216976.AX27061_5651,citZ_3,annotation&nbsp;not&nbsp;available,97.6
1216976.AX27061_4397,AHC48856.1,annotation&nbsp;not&nbsp;available,97.5
1216976.AX27061_5875,hslV,ATP-dependent&nbsp;protease&nbsp;subunit&nbsp;HslV,97.5
1216976.AX27061_1532,prpC,annotation&nbsp;not&nbsp;available,97.5
1216976.AX27061_3257,AX27061_3257,annotation&nbsp;not&nbsp;available,97.5
1216976.AX27061_5894,waaA,annotation&nbsp;not&nbsp;available,97.5
1216976.AX27061_5799,livF_24,annotation&nbsp;not&nbsp;available,97.4
1216976.AX27061_1792,AHC46257.1,annotation&nbsp;not&nbsp;available,97.4
1216976.AX27061_2520,Hgd_1,annotation&nbsp;not&nbsp;available,97.4
1216976.AX27061_2777,AHC47239.1,annotation&nbsp;not&nbsp;available,97.3
1216976.AX27061_0140,AHC44608.1,annotation&nbsp;not&nbsp;available,97.3
1216976.AX27061_0935,ggt_1,annotation&nbsp;not&nbsp;available,97.3
1216976.AX27061_4805,carB,annotation&nbsp;not&nbsp;available,97.3
1216976.AX27061_0422,AHC44889.1,annotation&nbsp;not&nbsp;available,97.3
1216976.AX27061_1010,cydB_1,annotation&nbsp;not&nbsp;available,97.2
1216976.AX27061_4908,yfcG_5,annotation&nbsp;not&nbsp;available,97.1
1216976.AX27061_1544,maeB_1,annotation&nbsp;not&nbsp;available,97.1
1216976.AX27061_0139,ugpA_1,annotation&nbsp;not&nbsp;available,97.0
1216976.AX27061_0811,ftsI,"Peptidoglycan&nbsp;D,D-transpeptidase&nbsp;FtsI",97.0
1216976.AX27061_2980,AHC47442.1,annotation&nbsp;not&nbsp;available,97.0
1216976.AX27061_3108,ppsA_3,annotation&nbsp;not&nbsp;available,97.0
1216976.AX27061_2400,mexA_2,annotation&nbsp;not&nbsp;available,97.0
1216976.AX27061_2256,ccmB_2,Heme&nbsp;exporter&nbsp;protein&nbsp;B,96.9
1216976.AX27061_1201,dhbE,annotation&nbsp;not&nbsp;available,96.9
1216976.AX27061_4044,paaH_3,annotation&nbsp;not&nbsp;available,96.9
1216976.AX27061_5026,AHC49482.1,annotation&nbsp;not&nbsp;available,96.9
1216976.AX27061_4663,dacC,annotation&nbsp;not&nbsp;available,96.9
1216976.AX27061_3415,oprM_6,annotation&nbsp;not&nbsp;available,96.8
1216976.AX27061_1966,soxB,annotation&nbsp;not&nbsp;available,96.8
1216976.AX27061_5853,leuC_2,3-isopropylmalate&nbsp;dehydratase&nbsp;large&nbsp;subunit,96.8
1216976.AX27061_1613,pheA_1,annotation&nbsp;not&nbsp;available,96.7
1216976.AX27061_4499,tar_4,annotation&nbsp;not&nbsp;available,96.7
1216976.AX27061_2259,napB,"Periplasmic&nbsp;nitrate&nbsp;reductase,&nbsp;electron&nbsp;transfer&nbsp;subunit",96.7
1216976.AX27061_4353,AHC48812.1,annotation&nbsp;not&nbsp;available,96.7
1216976.AX27061_0178,petC,annotation&nbsp;not&nbsp;available,96.7
1216976.AX27061_2767,AHC47229.1,annotation&nbsp;not&nbsp;available,96.6
1216976.AX27061_5333,prs,Ribose-phosphate&nbsp;pyrophosphokinase,96.6
1216976.AX27061_3311,pcaF_1,annotation&nbsp;not&nbsp;available,96.6
1216976.AX27061_5915,cysC,Multifunctional&nbsp;fusion&nbsp;protein,96.5
1216976.AX27061_2154,srfAB,annotation&nbsp;not&nbsp;available,96.5
1216976.AX27061_1454,rpmF,annotation&nbsp;not&nbsp;available,96.5
1216976.AX27061_4858,AHC49314.1,annotation&nbsp;not&nbsp;available,96.5
1216976.AX27061_0337,ssuB,Aliphatic&nbsp;sulfonates&nbsp;import&nbsp;ATP-binding&nbsp;protein&nbsp;SsuB,96.4
1216976.AX27061_0328,metQ_1,annotation&nbsp;not&nbsp;available,96.4
1216976.AX27061_2019,torR,annotation&nbsp;not&nbsp;available,96.4
1216976.AX27061_0981,AHC45447.1,annotation&nbsp;not&nbsp;available,96.4
1216976.AX27061_1782,hom,annotation&nbsp;not&nbsp;available,96.4
1216976.AX27061_3566,lldD_2,annotation&nbsp;not&nbsp;available,96.4
1216976.AX27061_1495,ltaE_2,annotation&nbsp;not&nbsp;available,96.3
1216976.AX27061_1920,nadD,Probable&nbsp;nicotinate-nucleotide&nbsp;adenylyltransferase,96.3
1216976.AX27061_1796,pntA,annotation&nbsp;not&nbsp;available,96.3
1216976.AX27061_5601,acoB,annotation&nbsp;not&nbsp;available,96.2
1216976.AX27061_5713,bioC_2,annotation&nbsp;not&nbsp;available,96.2
1216976.AX27061_1250,gsiA_8,annotation&nbsp;not&nbsp;available,96.2
1216976.AX27061_2964,ssuB_8,annotation&nbsp;not&nbsp;available,96.1
1216976.AX27061_2341,fabG_14,annotation&nbsp;not&nbsp;available,96.0
1216976.AX27061_0820,ftsA,Cell&nbsp;division&nbsp;protein&nbsp;FtsA,96.0
1216976.AX27061_5476,AHC49931.1,annotation&nbsp;not&nbsp;available,95.9
1216976.AX27061_0691,ybhB,annotation&nbsp;not&nbsp;available,95.8
1216976.AX27061_1236,kdpB,Potassium-transporting&nbsp;ATPase&nbsp;ATP-binding&nbsp;subunit,95.8
1216976.AX27061_4727,iscS_2,Cysteine&nbsp;desulfurase&nbsp;IscS,95.8
1216976.AX27061_3643,alkJ_3,annotation&nbsp;not&nbsp;available,95.8
1216976.AX27061_0577,ugpA_2,annotation&nbsp;not&nbsp;available,95.7
1216976.AX27061_5376,dhfrIII,Dihydrofolate&nbsp;reductase,95.7
1216976.AX27061_0282,copR_1,annotation&nbsp;not&nbsp;available,95.7
1216976.AX27061_1508,gsiA_10,annotation&nbsp;not&nbsp;available,95.6
1216976.AX27061_5276,groL_2,60&nbsp;kDa&nbsp;chaperonin,95.6
1216976.AX27061_3136,tauB,Taurine&nbsp;import&nbsp;ATP-binding&nbsp;protein&nbsp;TauB,95.6
1216976.AX27061_0598,AHC45065.1,annotation&nbsp;not&nbsp;available,95.6
1216976.AX27061_3444,folP_1,Dihydropteroate&nbsp;synthase,95.5
1216976.AX27061_2526,holB,annotation&nbsp;not&nbsp;available,95.5
1216976.AX27061_6000,braC_17,annotation&nbsp;not&nbsp;available,95.5
1216976.AX27061_2465,fliI,annotation&nbsp;not&nbsp;available,95.5
1216976.AX27061_4582,ccoP_2,Cbb3-type&nbsp;cytochrome&nbsp;c&nbsp;oxidase&nbsp;subunit,95.5
1216976.AX27061_3953,fccB_1,annotation&nbsp;not&nbsp;available,95.5
1216976.AX27061_5781,mrdA,"Peptidoglycan&nbsp;D,D-transpeptidase&nbsp;MrdA",95.4
1216976.AX27061_5304,phnE_3,annotation&nbsp;not&nbsp;available,95.4
1216976.AX27061_0081,yecS_2,annotation&nbsp;not&nbsp;available,95.4
1216976.AX27061_5302,tcyC_5,Phosphonates&nbsp;import&nbsp;ATP-binding&nbsp;protein&nbsp;PhnC,95.4
1216976.AX27061_1385,nuoL,annotation&nbsp;not&nbsp;available,95.3
1216976.AX27061_0653,dltA_1,annotation&nbsp;not&nbsp;available,95.3
1216976.AX27061_4864,pcaI_2,annotation&nbsp;not&nbsp;available,95.3
1216976.AX27061_2780,metQ_4,annotation&nbsp;not&nbsp;available,95.3
1216976.AX27061_5774,metQ_7,annotation&nbsp;not&nbsp;available,95.3
1216976.AX27061_4354,phbA,annotation&nbsp;not&nbsp;available,95.3
1216976.AX27061_4739,livF_18,annotation&nbsp;not&nbsp;available,95.3
1216976.AX27061_1518,eno_1,Enolase,95.3
1216976.AX27061_2374,AHC46837.1,annotation&nbsp;not&nbsp;available,95.3
1216976.AX27061_4869,purE,N5-carboxyaminoimidazole&nbsp;ribonucleotide&nbsp;mutase,95.2
1216976.AX27061_0225,cpdA_2,"3',5'-cyclic&nbsp;adenosine&nbsp;monophosphate&nbsp;phosphodiesterase&nbsp;CpdA",95.2
1216976.AX27061_2720,glnG,annotation&nbsp;not&nbsp;available,95.2
1216976.AX27061_0220,gltB_1,annotation&nbsp;not&nbsp;available,95.2
1216976.AX27061_1776,ycgM_3,annotation&nbsp;not&nbsp;available,95.2
1216976.AX27061_3894,pcaF_2,annotation&nbsp;not&nbsp;available,95.1
1216976.AX27061_3702,lolE,annotation&nbsp;not&nbsp;available,95.1
1216976.AX27061_1220,yncA,annotation&nbsp;not&nbsp;available,95.1
1216976.AX27061_2578,ugpC_5,annotation&nbsp;not&nbsp;available,95.1
1216976.AX27061_5481,citZ_2,annotation&nbsp;not&nbsp;available,95.1
1216976.AX27061_3637,fliC_2,Flagellin,95.0
1216976.AX27061_1852,mdeA_1,annotation&nbsp;not&nbsp;available,94.9
1216976.AX27061_1442,trpA_1,Tryptophan&nbsp;synthase&nbsp;alpha&nbsp;chain,94.8
1216976.AX27061_4572,gabD_3,annotation&nbsp;not&nbsp;available,94.8
1216976.AX27061_2947,metC_2,annotation&nbsp;not&nbsp;available,94.7
1216976.AX27061_5169,plcN_4,annotation&nbsp;not&nbsp;available,94.7
1216976.AX27061_0604,clcD_1,annotation&nbsp;not&nbsp;available,94.7
1216976.AX27061_1413,bioN,annotation&nbsp;not&nbsp;available,94.6
1216976.AX27061_2639,surE,5'-nucleotidase&nbsp;SurE,94.6
1216976.AX27061_4691,polC,annotation&nbsp;not&nbsp;available,94.6
1216976.AX27061_5735,peb1A_6,annotation&nbsp;not&nbsp;available,94.6
1216976.AX27061_5386,gatA_9,annotation&nbsp;not&nbsp;available,94.6
1216976.AX27061_2175,cmpD_1,annotation&nbsp;not&nbsp;available,94.6
1216976.AX27061_2148,kasA,annotation&nbsp;not&nbsp;available,94.5
1216976.AX27061_1744,pyrB_2,annotation&nbsp;not&nbsp;available,94.5
1216976.AX27061_0287,AHC44755.1,annotation&nbsp;not&nbsp;available,94.5
1216976.AX27061_0980,livH_9,annotation&nbsp;not&nbsp;available,94.5
1216976.AX27061_0637,copR_3,annotation&nbsp;not&nbsp;available,94.5
1216976.AX27061_5743,ilvA_3,L-threonine&nbsp;dehydratase,94.4
1216976.AX27061_0292,hutU_1,Urocanate&nbsp;hydratase,94.3
1216976.AX27061_3391,AHC47851.1,annotation&nbsp;not&nbsp;available,94.3
1216976.AX27061_5889,AHC50341.1,annotation&nbsp;not&nbsp;available,94.3
1216976.AX27061_0603,braC_2,annotation&nbsp;not&nbsp;available,94.2
1216976.AX27061_1447,ppaX,annotation&nbsp;not&nbsp;available,94.2
1216976.AX27061_5796,braC_16,annotation&nbsp;not&nbsp;available,94.2
1216976.AX27061_0153,bfr_1,Bacterioferritin,94.2
1216976.AX27061_1360,oprM_3,annotation&nbsp;not&nbsp;available,94.2
1216976.AX27061_3561,pheA_2,annotation&nbsp;not&nbsp;available,94.1
1216976.AX27061_2440,flgC,annotation&nbsp;not&nbsp;available,94.1
1216976.AX27061_4372,catJ,annotation&nbsp;not&nbsp;available,94.1
1216976.AX27061_1198,ppsE,annotation&nbsp;not&nbsp;available,94.0
1216976.AX27061_1567,bamD,Outer&nbsp;membrane&nbsp;protein&nbsp;assembly&nbsp;factor&nbsp;BamD,94.0
1216976.AX27061_2425,cheA,annotation&nbsp;not&nbsp;available,94.0
1216976.AX27061_4777,fadB_3,annotation&nbsp;not&nbsp;available,94.0
1216976.AX27061_1693,yvdD_1,annotation&nbsp;not&nbsp;available,94.0
1216976.AX27061_0657,nrdB,Ribonucleoside-diphosphate&nbsp;reductase&nbsp;subunit&nbsp;beta,93.9
1216976.AX27061_1503,scoA_1,annotation&nbsp;not&nbsp;available,93.9
1216976.AX27061_5370,tuaD_2,annotation&nbsp;not&nbsp;available,93.9
1216976.AX27061_3368,argH_2,annotation&nbsp;not&nbsp;available,93.8
1216976.AX27061_0658,nrdA,Ribonucleoside-diphosphate&nbsp;reductase,93.7
1216976.AX27061_0926,mutL,DNA&nbsp;mismatch&nbsp;repair&nbsp;protein&nbsp;MutL,93.7
1216976.AX27061_2615,mnhC1,annotation&nbsp;not&nbsp;available,93.7
1216976.AX27061_6043,potH_5,annotation&nbsp;not&nbsp;available,93.7
1216976.AX27061_6022,ompR_6,annotation&nbsp;not&nbsp;available,93.7
1216976.AX27061_3065,mdeA_2,annotation&nbsp;not&nbsp;available,93.7
1216976.AX27061_2678,glnQ_2,annotation&nbsp;not&nbsp;available,93.6
1216976.AX27061_0586,livH_4,annotation&nbsp;not&nbsp;available,93.5
1216976.AX27061_4544,ompR_4,annotation&nbsp;not&nbsp;available,93.4
1216976.AX27061_5922,AHC50374.1,annotation&nbsp;not&nbsp;available,93.4
1216976.AX27061_1998,dnaG,DNA&nbsp;primase,93.3
1216976.AX27061_2417,fliC_1,Flagellin,93.3
1216976.AX27061_6035,secE,Protein&nbsp;translocase&nbsp;subunit&nbsp;SecE,93.3
1216976.AX27061_5812,fccB_2,annotation&nbsp;not&nbsp;available,93.3
1216976.AX27061_4913,yfcF_1,annotation&nbsp;not&nbsp;available,93.2
1216976.AX27061_5042,hmuT,annotation&nbsp;not&nbsp;available,93.2
1216976.AX27061_2800,AHC47262.1,annotation&nbsp;not&nbsp;available,93.1
1216976.AX27061_4850,boxB,annotation&nbsp;not&nbsp;available,93.1
1216976.AX27061_4728,echA8_11,annotation&nbsp;not&nbsp;available,93.1
1216976.AX27061_2566,ompR_3,annotation&nbsp;not&nbsp;available,93.0
1216976.AX27061_4882,AHC49338.1,annotation&nbsp;not&nbsp;available,93.0
1216976.AX27061_0349,fdhE,Protein&nbsp;FdhE&nbsp;homolog,93.0
1216976.AX27061_5637,butA,annotation&nbsp;not&nbsp;available,93.0
1216976.AX27061_1234,kdpD_1,annotation&nbsp;not&nbsp;available,93.0
1216976.AX27061_0457,livH_2,annotation&nbsp;not&nbsp;available,92.9
1216976.AX27061_5610,bar,annotation&nbsp;not&nbsp;available,92.9
1216976.AX27061_4511,fliC_3,Flagellin,92.9
1216976.AX27061_0387,livF_2,annotation&nbsp;not&nbsp;available,92.9
1216976.AX27061_1472,thrC_1,annotation&nbsp;not&nbsp;available,92.8
1216976.AX27061_4165,AHC48624.1,annotation&nbsp;not&nbsp;available,92.8
1216976.AX27061_3166,ilvB_1,annotation&nbsp;not&nbsp;available,92.7
1216976.AX27061_1361,acrB_1,annotation&nbsp;not&nbsp;available,92.7
1216976.AX27061_2771,gst,annotation&nbsp;not&nbsp;available,92.7
1216976.AX27061_2077,infC,Translation&nbsp;initiation&nbsp;factor&nbsp;IF-3,92.6
1216976.AX27061_1534,mdh,Malate&nbsp;dehydrogenase,92.6
1216976.AX27061_5473,AHC49928.1,annotation&nbsp;not&nbsp;available,92.6
1216976.AX27061_2660,potH_3,annotation&nbsp;not&nbsp;available,92.6
1216976.AX27061_3718,livF_15,annotation&nbsp;not&nbsp;available,92.6
1216976.AX27061_1331,apaH_2,annotation&nbsp;not&nbsp;available,92.6
1216976.AX27061_4538,ywrD_4,annotation&nbsp;not&nbsp;available,92.5
1216976.AX27061_0036,acxB,annotation&nbsp;not&nbsp;available,92.4
1216976.AX27061_5646,sir,annotation&nbsp;not&nbsp;available,92.4
1216976.AX27061_0734,dnaQ,DNA&nbsp;polymerase&nbsp;III&nbsp;subunit&nbsp;epsilon,92.4
1216976.AX27061_0693,glyA,Serine&nbsp;hydroxymethyltransferase,92.4
1216976.AX27061_1769,AHC46234.1,annotation&nbsp;not&nbsp;available,92.4
1216976.AX27061_4868,purK,N5-carboxyaminoimidazole&nbsp;ribonucleotide&nbsp;synthase,92.4
1216976.AX27061_1617,cmk,annotation&nbsp;not&nbsp;available,92.3
1216976.AX27061_4979,clcD_3,annotation&nbsp;not&nbsp;available,92.3
1216976.AX27061_3299,gstB_4,annotation&nbsp;not&nbsp;available,92.2
1216976.AX27061_0536,peb1A_1,annotation&nbsp;not&nbsp;available,92.2
1216976.AX27061_0966,andAc_1,annotation&nbsp;not&nbsp;available,92.2
1216976.AX27061_5598,lptB_14,annotation&nbsp;not&nbsp;available,92.1
1216976.AX27061_5444,hutH_2,annotation&nbsp;not&nbsp;available,92.1
1216976.AX27061_1378,nqo2,annotation&nbsp;not&nbsp;available,92.1
1216976.AX27061_6002,livF_26,annotation&nbsp;not&nbsp;available,92.1
1216976.AX27061_1661,echA8_4,annotation&nbsp;not&nbsp;available,92.0
1216976.AX27061_4552,gsiB_8,annotation&nbsp;not&nbsp;available,92.0
1216976.AX27061_4213,glgA,Glycogen&nbsp;synthase,92.0
1216976.AX27061_0318,ascD_1,annotation&nbsp;not&nbsp;available,92.0
1216976.AX27061_6025,phoR_2,annotation&nbsp;not&nbsp;available,92.0
1216976.AX27061_5921,tagH,annotation&nbsp;not&nbsp;available,92.0
1216976.AX27061_0500,cusS_2,Sensor&nbsp;protein,91.9
1216976.AX27061_4655,rpmB,annotation&nbsp;not&nbsp;available,91.9
1216976.AX27061_3024,metC_3,annotation&nbsp;not&nbsp;available,91.8
1216976.AX27061_2742,AHC47204.1,annotation&nbsp;not&nbsp;available,91.8
1216976.AX27061_2181,ygeA,annotation&nbsp;not&nbsp;available,91.8
1216976.AX27061_3193,tsr_4,annotation&nbsp;not&nbsp;available,91.8
1216976.AX27061_5595,braC_14,annotation&nbsp;not&nbsp;available,91.7
1216976.AX27061_5402,dcd,annotation&nbsp;not&nbsp;available,91.6
1216976.AX27061_4491,rcsC_3,annotation&nbsp;not&nbsp;available,91.5
1216976.AX27061_5749,cydD,annotation&nbsp;not&nbsp;available,91.5
1216976.AX27061_5606,ilvD_5,annotation&nbsp;not&nbsp;available,91.4
1216976.AX27061_2407,folD,Bifunctional&nbsp;protein&nbsp;FolD,91.4
1216976.AX27061_3693,fhuC_4,annotation&nbsp;not&nbsp;available,91.4
1216976.AX27061_5288,livF_21,annotation&nbsp;not&nbsp;available,91.4
1216976.AX27061_3582,murA_2,annotation&nbsp;not&nbsp;available,91.4
1216976.AX27061_2832,rstB_2,annotation&nbsp;not&nbsp;available,91.4
1216976.AX27061_4903,mog,annotation&nbsp;not&nbsp;available,91.3
1216976.AX27061_0751,amiC_4,annotation&nbsp;not&nbsp;available,91.3
1216976.AX27061_1017,AHC45483.1,annotation&nbsp;not&nbsp;available,91.2
1216976.AX27061_5262,AHC49717.1,annotation&nbsp;not&nbsp;available,91.2
1216976.AX27061_5608,leuA_2,annotation&nbsp;not&nbsp;available,91.2
1216976.AX27061_1614,hisC2_3,annotation&nbsp;not&nbsp;available,91.2
1216976.AX27061_4872,purC,annotation&nbsp;not&nbsp;available,91.0
1216976.AX27061_5993,rplN,50S&nbsp;ribosomal&nbsp;protein&nbsp;L14,91.0
1216976.AX27061_1611,gyrA,DNA&nbsp;gyrase&nbsp;subunit&nbsp;A,90.9
1216976.AX27061_5787,gatB,Aspartyl/glutamyl-tRNA(Asn/Gln)&nbsp;amidotransferase&nbsp;subunit&nbsp;B,90.9
1216976.AX27061_5888,AHC50340.1,annotation&nbsp;not&nbsp;available,90.8
1216976.AX27061_5597,AHC50051.1,annotation&nbsp;not&nbsp;available,90.8
1216976.AX27061_5301,phnD_2,annotation&nbsp;not&nbsp;available,90.8
1216976.AX27061_0750,livH_8,annotation&nbsp;not&nbsp;available,90.8
1216976.AX27061_5708,secB,Protein-export&nbsp;protein&nbsp;SecB,90.7
1216976.AX27061_5638,kstD,annotation&nbsp;not&nbsp;available,90.7
1216976.AX27061_0015,yecS_1,annotation&nbsp;not&nbsp;available,90.7
1216976.AX27061_4991,AHC49447.1,annotation&nbsp;not&nbsp;available,90.6
1216976.AX27061_5702,moeB,annotation&nbsp;not&nbsp;available,90.6
1216976.AX27061_5423,oprM_8,annotation&nbsp;not&nbsp;available,90.6
1216976.AX27061_6068,gsiB_10,annotation&nbsp;not&nbsp;available,90.5
1216976.AX27061_4483,basR_4,annotation&nbsp;not&nbsp;available,90.4
1216976.AX27061_4778,AHC49234.1,annotation&nbsp;not&nbsp;available,90.4
1216976.AX27061_2258,napC,annotation&nbsp;not&nbsp;available,90.4
1216976.AX27061_2718,glnA_1,annotation&nbsp;not&nbsp;available,90.4
1216976.AX27061_0620,AHC45087.1,annotation&nbsp;not&nbsp;available,90.4
1216976.AX27061_0204,mlaD,annotation&nbsp;not&nbsp;available,90.3
1216976.AX27061_2437,flgM,annotation&nbsp;not&nbsp;available,90.2
1216976.AX27061_5977,rplQ,annotation&nbsp;not&nbsp;available,90.1
1216976.AX27061_2707,amn,AMP&nbsp;nucleosidase,90.1
1216976.AX27061_0410,atpD,ATP&nbsp;synthase&nbsp;subunit&nbsp;beta,90.1
1216976.AX27061_0351,selB,annotation&nbsp;not&nbsp;available,90.1
1216976.AX27061_0785,ghrA_2,annotation&nbsp;not&nbsp;available,90.1
1216976.AX27061_4623,AHC49080.1,annotation&nbsp;not&nbsp;available,90.1
1216976.AX27061_2163,thiO_4,annotation&nbsp;not&nbsp;available,90.0
1216976.AX27061_1657,paaC,annotation&nbsp;not&nbsp;available,89.9
1216976.AX27061_4810,luxN,annotation&nbsp;not&nbsp;available,89.9
1216976.AX27061_5341,mhpA_2,annotation&nbsp;not&nbsp;available,89.9
1216976.AX27061_3721,livH_17,annotation&nbsp;not&nbsp;available,89.8
1216976.AX27061_2761,braC_7,annotation&nbsp;not&nbsp;available,89.8
1216976.AX27061_3374,rstB_3,annotation&nbsp;not&nbsp;available,89.8
1216976.AX27061_3866,AHC48325.1,annotation&nbsp;not&nbsp;available,89.8
1216976.AX27061_0587,AHC45054.1,annotation&nbsp;not&nbsp;available,89.8
1216976.AX27061_5329,engD,Ribosome-binding&nbsp;ATPase&nbsp;YchF,89.8
1216976.AX27061_2367,glnB,annotation&nbsp;not&nbsp;available,89.8
1216976.AX27061_1726,pdxA2_1,annotation&nbsp;not&nbsp;available,89.7
1216976.AX27061_0330,ssuA_1,annotation&nbsp;not&nbsp;available,89.7
1216976.AX27061_3878,livF_16,annotation&nbsp;not&nbsp;available,89.6
1216976.AX27061_1375,nuoB,NADH-quinone&nbsp;oxidoreductase&nbsp;subunit&nbsp;B,89.6
1216976.AX27061_4786,ppk,Polyphosphate&nbsp;kinase,89.6
1216976.AX27061_5390,gcvP,Glycine&nbsp;dehydrogenase&nbsp;(decarboxylating),89.5
1216976.AX27061_0460,livF_3,annotation&nbsp;not&nbsp;available,89.5
1216976.AX27061_1015,ruvB,Holliday&nbsp;junction&nbsp;ATP-dependent&nbsp;DNA&nbsp;helicase&nbsp;RuvB,89.5
1216976.AX27061_1965,ascD_2,annotation&nbsp;not&nbsp;available,89.5
1216976.AX27061_2360,bkdB,annotation&nbsp;not&nbsp;available,89.5
1216976.AX27061_4615,modA,annotation&nbsp;not&nbsp;available,89.5
1216976.AX27061_0947,mdh_1,annotation&nbsp;not&nbsp;available,89.5
1216976.AX27061_1656,paaB,annotation&nbsp;not&nbsp;available,89.4
1216976.AX27061_2665,fabV,Enoyl-[acyl-carrier-protein]&nbsp;reductase&nbsp;[NADH],89.4
1216976.AX27061_0796,ilvD_1,annotation&nbsp;not&nbsp;available,89.3
1216976.AX27061_0731,rnhA,Ribonuclease&nbsp;H,89.3
1216976.AX27061_2422,motA_1,annotation&nbsp;not&nbsp;available,89.3
1216976.AX27061_4135,AHC48594.1,annotation&nbsp;not&nbsp;available,89.3
1216976.AX27061_6062,qseC_6,annotation&nbsp;not&nbsp;available,89.3
1216976.AX27061_3338,frzE,annotation&nbsp;not&nbsp;available,89.2
1216976.AX27061_0388,amiE,annotation&nbsp;not&nbsp;available,89.2
1216976.AX27061_2997,yhfQ,annotation&nbsp;not&nbsp;available,89.2
1216976.AX27061_6019,rpsG,30S&nbsp;ribosomal&nbsp;protein&nbsp;S7,89.1
1216976.AX27061_5466,mhpA_3,annotation&nbsp;not&nbsp;available,89.1
1216976.AX27061_3454,AHC47914.1,annotation&nbsp;not&nbsp;available,89.0
1216976.AX27061_4609,AHC49066.1,annotation&nbsp;not&nbsp;available,89.0
1216976.AX27061_4355,fadJ_2,annotation&nbsp;not&nbsp;available,88.9
1216976.AX27061_2044,trpF,annotation&nbsp;not&nbsp;available,88.9
1216976.AX27061_4273,livF_17,annotation&nbsp;not&nbsp;available,88.9
1216976.AX27061_2827,AHC47289.1,annotation&nbsp;not&nbsp;available,88.8
1216976.AX27061_2897,gsiA_13,annotation&nbsp;not&nbsp;available,88.8
1216976.AX27061_1412,bioM,annotation&nbsp;not&nbsp;available,88.8
1216976.AX27061_0406,atpF,ATP&nbsp;synthase&nbsp;subunit&nbsp;b,88.8
1216976.AX27061_0544,lptB_2,annotation&nbsp;not&nbsp;available,88.8
1216976.AX27061_0789,ywrD_1,annotation&nbsp;not&nbsp;available,88.7
1216976.AX27061_4272,lptB_10,annotation&nbsp;not&nbsp;available,88.7
1216976.AX27061_4608,acrA_4,annotation&nbsp;not&nbsp;available,88.7
1216976.AX27061_0892,plsC_2,annotation&nbsp;not&nbsp;available,88.7
1216976.AX27061_5806,livH_30,annotation&nbsp;not&nbsp;available,88.6
1216976.AX27061_5984,rplO,50S&nbsp;ribosomal&nbsp;protein&nbsp;L15,88.6
1216976.AX27061_0512,thiD_1,annotation&nbsp;not&nbsp;available,88.4
1216976.AX27061_2912,ndoA_2,annotation&nbsp;not&nbsp;available,88.4
1216976.AX27061_4948,dacB,annotation&nbsp;not&nbsp;available,88.4
1216976.AX27061_4334,ptk,annotation&nbsp;not&nbsp;available,88.4
1216976.AX27061_5191,yeaP,annotation&nbsp;not&nbsp;available,88.4
1216976.AX27061_0118,AHC44586.1,annotation&nbsp;not&nbsp;available,88.4
1216976.AX27061_0397,pcaJ_1,annotation&nbsp;not&nbsp;available,88.3
1216976.AX27061_0002,dnaN,Beta&nbsp;sliding&nbsp;clamp,88.3
1216976.AX27061_2878,tauA_1,annotation&nbsp;not&nbsp;available,88.3
1216976.AX27061_4602,uvrC,UvrABC&nbsp;system&nbsp;protein&nbsp;C,88.3
1216976.AX27061_2310,AHC46773.1,annotation&nbsp;not&nbsp;available,88.3
1216976.AX27061_0016,gltK,annotation&nbsp;not&nbsp;available,88.2
1216976.AX27061_3205,amiC_7,annotation&nbsp;not&nbsp;available,88.2
1216976.AX27061_2750,braC_6,annotation&nbsp;not&nbsp;available,88.2
1216976.AX27061_5062,tcyC_4,annotation&nbsp;not&nbsp;available,88.2
1216976.AX27061_1650,rsgA,Small&nbsp;ribosomal&nbsp;subunit&nbsp;biogenesis&nbsp;GTPase&nbsp;RsgA,88.2
1216976.AX27061_2489,glnD,Bifunctional&nbsp;uridylyltransferase/uridylyl-removing&nbsp;enzyme,88.1
1216976.AX27061_4263,dxs_2,annotation&nbsp;not&nbsp;available,88.1
1216976.AX27061_2247,AHC46710.1,annotation&nbsp;not&nbsp;available,88.1
1216976.AX27061_3916,lysA_2,Diaminopimelate&nbsp;decarboxylase,88.0
1216976.AX27061_3335,modB_3,annotation&nbsp;not&nbsp;available,88.0
1216976.AX27061_2859,AHC47321.1,annotation&nbsp;not&nbsp;available,88.0
1216976.AX27061_5593,fabG_31,annotation&nbsp;not&nbsp;available,87.9
1216976.AX27061_2035,leuC_1,3-isopropylmalate&nbsp;dehydratase&nbsp;large&nbsp;subunit,87.9
1216976.AX27061_3081,narH,annotation&nbsp;not&nbsp;available,87.9
1216976.AX27061_4819,dnaX,DNA&nbsp;polymerase&nbsp;III&nbsp;subunit&nbsp;gamma/tau,87.8
1216976.AX27061_5285,livH_25,annotation&nbsp;not&nbsp;available,87.7
1216976.AX27061_3270,clpV1,annotation&nbsp;not&nbsp;available,87.7
1216976.AX27061_4658,livH_21,annotation&nbsp;not&nbsp;available,87.7
1216976.AX27061_2647,rlmD,23S&nbsp;rRNA&nbsp;(uracil(1939)-C(5))-methyltransferase&nbsp;RlmD,87.7
1216976.AX27061_0753,rbsA_1,annotation&nbsp;not&nbsp;available,87.6
1216976.AX27061_1509,gsiB_5,annotation&nbsp;not&nbsp;available,87.6
1216976.AX27061_0617,pyrB_1,annotation&nbsp;not&nbsp;available,87.6
1216976.AX27061_5361,pgi_2,annotation&nbsp;not&nbsp;available,87.6
1216976.AX27061_6071,gsiA_26,annotation&nbsp;not&nbsp;available,87.5
1216976.AX27061_2067,ilvG_1,annotation&nbsp;not&nbsp;available,87.5
1216976.AX27061_2203,pckG,Phosphoenolpyruvate&nbsp;carboxykinase&nbsp;[GTP],87.5
1216976.AX27061_1640,cysW_3,annotation&nbsp;not&nbsp;available,87.4
1216976.AX27061_2454,aer_1,annotation&nbsp;not&nbsp;available,87.4
1216976.AX27061_3646,gabD_1,annotation&nbsp;not&nbsp;available,87.4
1216976.AX27061_0876,mhpA_1,annotation&nbsp;not&nbsp;available,87.4
1216976.AX27061_4984,moaB,Molybdenum&nbsp;cofactor&nbsp;biosynthesis&nbsp;protein&nbsp;B,87.4
1216976.AX27061_6012,rplB,50S&nbsp;ribosomal&nbsp;protein&nbsp;L2,87.3
1216976.AX27061_1786,pepN,annotation&nbsp;not&nbsp;available,87.3
1216976.AX27061_4772,AHC49228.1,annotation&nbsp;not&nbsp;available,87.3
1216976.AX27061_0417,ltaE_1,L-threonine&nbsp;aldolase,87.2
1216976.AX27061_3884,putA,Bifunctional&nbsp;protein&nbsp;PutA,87.2
1216976.AX27061_0913,echA8_3,annotation&nbsp;not&nbsp;available,87.2
1216976.AX27061_4576,pdxA2_4,annotation&nbsp;not&nbsp;available,87.2
1216976.AX27061_1384,nuoK,NADH-quinone&nbsp;oxidoreductase&nbsp;subunit&nbsp;K,87.1
1216976.AX27061_2240,ccmC_1,Heme&nbsp;exporter&nbsp;protein&nbsp;C,87.1
1216976.AX27061_5696,secDF,annotation&nbsp;not&nbsp;available,87.1
1216976.AX27061_5654,metQ_6,annotation&nbsp;not&nbsp;available,87.1
1216976.AX27061_4384,cysA_2,annotation&nbsp;not&nbsp;available,87.0
1216976.AX27061_3386,gstB_5,annotation&nbsp;not&nbsp;available,87.0
1216976.AX27061_5690,rplU,50S&nbsp;ribosomal&nbsp;protein&nbsp;L21,86.9
1216976.AX27061_4644,xylH_1,annotation&nbsp;not&nbsp;available,86.9
1216976.AX27061_4807,tal,Transaldolase,86.9
1216976.AX27061_3882,braC_8,annotation&nbsp;not&nbsp;available,86.9
1216976.AX27061_2910,andAd_2,annotation&nbsp;not&nbsp;available,86.9
1216976.AX27061_4946,cysG,Siroheme&nbsp;synthase,86.9
1216976.AX27061_4759,AHC49215.1,annotation&nbsp;not&nbsp;available,86.8
1216976.AX27061_5061,tcyB_2,annotation&nbsp;not&nbsp;available,86.7
1216976.AX27061_2448,flgK,annotation&nbsp;not&nbsp;available,86.7
1216976.AX27061_4752,AHC49208.1,annotation&nbsp;not&nbsp;available,86.7
1216976.AX27061_0256,yusV_1,annotation&nbsp;not&nbsp;available,86.6
1216976.AX27061_5958,ssb_2,Single-stranded&nbsp;DNA-binding&nbsp;protein,86.6
1216976.AX27061_2963,ssuC_8,annotation&nbsp;not&nbsp;available,86.5
1216976.AX27061_0366,trpD,Anthranilate&nbsp;phosphoribosyltransferase,86.4
1216976.AX27061_4923,gap1,annotation&nbsp;not&nbsp;available,86.4
1216976.AX27061_0946,tauD_1,annotation&nbsp;not&nbsp;available,86.4
1216976.AX27061_5848,ahcY,Adenosylhomocysteinase,86.4
1216976.AX27061_0619,plsC_1,annotation&nbsp;not&nbsp;available,86.4
1216976.AX27061_2189,gor,annotation&nbsp;not&nbsp;available,86.3
1216976.AX27061_3723,echA8_9,annotation&nbsp;not&nbsp;available,86.3
1216976.AX27061_4643,xylG,Xylose&nbsp;import&nbsp;ATP-binding&nbsp;protein&nbsp;XylG,86.3
1216976.AX27061_5428,fabG_29,annotation&nbsp;not&nbsp;available,86.3
1216976.AX27061_5759,lptB_15,annotation&nbsp;not&nbsp;available,86.3
1216976.AX27061_4338,algA,annotation&nbsp;not&nbsp;available,86.2
1216976.AX27061_0479,garD_1,annotation&nbsp;not&nbsp;available,86.2
1216976.AX27061_1032,gtaB_1,annotation&nbsp;not&nbsp;available,86.1
1216976.AX27061_4026,nadX,Probable&nbsp;L-aspartate&nbsp;dehydrogenase,86.1
1216976.AX27061_1387,nuoN,NADH-quinone&nbsp;oxidoreductase&nbsp;subunit&nbsp;N,86.1
1216976.AX27061_4849,boxA,annotation&nbsp;not&nbsp;available,86.1
1216976.AX27061_0043,AHC44511.1,annotation&nbsp;not&nbsp;available,86.0
1216976.AX27061_4621,speE,Polyamine&nbsp;aminopropyltransferase,86.0
1216976.AX27061_4091,thlA_2,annotation&nbsp;not&nbsp;available,85.9
1216976.AX27061_1425,AHC45890.1,annotation&nbsp;not&nbsp;available,85.9
1216976.AX27061_4613,potA_7,annotation&nbsp;not&nbsp;available,85.9
1216976.AX27061_4332,pgi_1,annotation&nbsp;not&nbsp;available,85.9
1216976.AX27061_0066,ilvI_1,annotation&nbsp;not&nbsp;available,85.9
1216976.AX27061_3768,glpK_2,annotation&nbsp;not&nbsp;available,85.9
1216976.AX27061_4642,xylF,annotation&nbsp;not&nbsp;available,85.8
1216976.AX27061_1648,rplS,50S&nbsp;ribosomal&nbsp;protein&nbsp;L19,85.7
1216976.AX27061_4834,echA8_17,annotation&nbsp;not&nbsp;available,85.7
1216976.AX27061_0898,fumB,Fumarate&nbsp;hydratase&nbsp;class&nbsp;I,85.7
1216976.AX27061_2847,epsF_2,annotation&nbsp;not&nbsp;available,85.6
1216976.AX27061_4100,cmpB_5,annotation&nbsp;not&nbsp;available,85.6
1216976.AX27061_0022,lldD,annotation&nbsp;not&nbsp;available,85.6
1216976.AX27061_5075,cyoD_1,annotation&nbsp;not&nbsp;available,85.6
1216976.AX27061_4270,braC_9,annotation&nbsp;not&nbsp;available,85.6
1216976.AX27061_0726,fabI_1,annotation&nbsp;not&nbsp;available,85.5
1216976.AX27061_3674,speE_2,annotation&nbsp;not&nbsp;available,85.5
1216976.AX27061_5991,rplE,50S&nbsp;ribosomal&nbsp;protein&nbsp;L5,85.4
1216976.AX27061_0568,mdtC_1,annotation&nbsp;not&nbsp;available,85.4
1216976.AX27061_6032,rplA,50S&nbsp;ribosomal&nbsp;protein&nbsp;L1,85.3
1216976.AX27061_4738,lptB_12,annotation&nbsp;not&nbsp;available,85.3
1216976.AX27061_0832,fabG_3,annotation&nbsp;not&nbsp;available,85.3
1216976.AX27061_4736,livH_22,annotation&nbsp;not&nbsp;available,85.3
1216976.AX27061_1632,etfA,annotation&nbsp;not&nbsp;available,85.3
1216976.AX27061_5356,mprA_3,annotation&nbsp;not&nbsp;available,85.2
1216976.AX27061_4674,gatA_7,annotation&nbsp;not&nbsp;available,85.2
1216976.AX27061_5287,lptB_13,annotation&nbsp;not&nbsp;available,85.2
1216976.AX27061_5656,bsdB,Flavin&nbsp;prenyltransferase&nbsp;UbiX,85.2
1216976.AX27061_0590,AHC45057.1,annotation&nbsp;not&nbsp;available,85.1
1216976.AX27061_1721,rpsR,30S&nbsp;ribosomal&nbsp;protein&nbsp;S18,85.1
1216976.AX27061_2713,AHC47175.1,annotation&nbsp;not&nbsp;available,85.0
1216976.AX27061_0588,lptB_3,annotation&nbsp;not&nbsp;available,84.9
1216976.AX27061_3359,AHC47819.1,annotation&nbsp;not&nbsp;available,84.9
1216976.AX27061_1283,ilvH,annotation&nbsp;not&nbsp;available,84.9
1216976.AX27061_3337,cheB_2,Chemotaxis&nbsp;response&nbsp;regulator&nbsp;protein-glutamate&nbsp;methylesterase,84.9
1216976.AX27061_5785,gatC,Aspartyl/glutamyl-tRNA(Asn/Gln)&nbsp;amidotransferase&nbsp;subunit&nbsp;C,84.9
1216976.AX27061_2402,oprM_4,annotation&nbsp;not&nbsp;available,84.8
1216976.AX27061_4657,amiC_8,annotation&nbsp;not&nbsp;available,84.8
1216976.AX27061_2887,AHC47349.1,annotation&nbsp;not&nbsp;available,84.8
1216976.AX27061_4669,holA,annotation&nbsp;not&nbsp;available,84.8
1216976.AX27061_1750,basR_3,annotation&nbsp;not&nbsp;available,84.7
1216976.AX27061_0206,AHC44674.1,annotation&nbsp;not&nbsp;available,84.6
1216976.AX27061_1006,minD_1,annotation&nbsp;not&nbsp;available,84.6
1216976.AX27061_5981,rpsM,30S&nbsp;ribosomal&nbsp;protein&nbsp;S13,84.6
1216976.AX27061_2092,himA,Integration&nbsp;host&nbsp;factor&nbsp;subunit&nbsp;alpha,84.5
1216976.AX27061_0346,AHC44814.1,annotation&nbsp;not&nbsp;available,84.5
1216976.AX27061_2429,cheB_1,Chemotaxis&nbsp;response&nbsp;regulator&nbsp;protein-glutamate&nbsp;methylesterase,84.5
1216976.AX27061_2966,guaA_2,annotation&nbsp;not&nbsp;available,84.4
1216976.AX27061_3847,rsmB_1,annotation&nbsp;not&nbsp;available,84.4
1216976.AX27061_1889,plcN_2,annotation&nbsp;not&nbsp;available,84.3
1216976.AX27061_1888,phoU,Phosphate-specific&nbsp;transport&nbsp;system&nbsp;accessory&nbsp;protein&nbsp;PhoU,84.3
1216976.AX27061_1192,prsD_1,annotation&nbsp;not&nbsp;available,84.3
1216976.AX27061_4649,proV,annotation&nbsp;not&nbsp;available,84.3
1216976.AX27061_4275,fabG_23,annotation&nbsp;not&nbsp;available,84.3
1216976.AX27061_5775,argB,Acetylglutamate&nbsp;kinase,84.2
1216976.AX27061_1401,AHC45866.1,annotation&nbsp;not&nbsp;available,84.2
1216976.AX27061_6011,rpsS,30S&nbsp;ribosomal&nbsp;protein&nbsp;S19,84.2
1216976.AX27061_4633,AHC49090.1,annotation&nbsp;not&nbsp;available,84.2
1216976.AX27061_2467,fliG,annotation&nbsp;not&nbsp;available,84.2
1216976.AX27061_2444,flgG,annotation&nbsp;not&nbsp;available,84.1
1216976.AX27061_5709,gpsA,annotation&nbsp;not&nbsp;available,84.0
1216976.AX27061_0365,trpC,annotation&nbsp;not&nbsp;available,84.0
1216976.AX27061_4762,echA8_15,annotation&nbsp;not&nbsp;available,84.0
1216976.AX27061_0576,ycjP_2,annotation&nbsp;not&nbsp;available,84.0
1216976.AX27061_5809,AHC50261.1,annotation&nbsp;not&nbsp;available,83.9
1216976.AX27061_3275,AHC47736.1,annotation&nbsp;not&nbsp;available,83.8
1216976.AX27061_4916,pta_2,annotation&nbsp;not&nbsp;available,83.8
1216976.AX27061_5884,dat,annotation&nbsp;not&nbsp;available,83.7
1216976.AX27061_4284,citB_1,Aconitate&nbsp;hydratase,83.6
1216976.AX27061_3829,dapL_2,annotation&nbsp;not&nbsp;available,83.6
1216976.AX27061_4893,phnE_1,annotation&nbsp;not&nbsp;available,83.6
1216976.AX27061_5379,AHC49834.1,annotation&nbsp;not&nbsp;available,83.5
1216976.AX27061_2419,fliA,RNA&nbsp;polymerase&nbsp;sigma&nbsp;factor&nbsp;FliA,83.5
1216976.AX27061_0885,pykA,annotation&nbsp;not&nbsp;available,83.5
1216976.AX27061_0589,livF_5,annotation&nbsp;not&nbsp;available,83.5
1216976.AX27061_2984,rstA_2,annotation&nbsp;not&nbsp;available,83.4
1216976.AX27061_4865,pcaJ_2,annotation&nbsp;not&nbsp;available,83.3
1216976.AX27061_5961,sspA_4,annotation&nbsp;not&nbsp;available,83.3
1216976.AX27061_0717,dadX_1,Alanine&nbsp;racemase,83.2
1216976.AX27061_0456,amiC_3,annotation&nbsp;not&nbsp;available,83.1
1216976.AX27061_0895,glyQ,annotation&nbsp;not&nbsp;available,83.1
1216976.AX27061_1553,sucB_1,Dihydrolipoyllysine-residue&nbsp;succinyltransferase&nbsp;component&nbsp;of&nbsp;2-oxoglutarate&nbsp;dehydrogenase&nbsp;complex,83.1
1216976.AX27061_4569,yxeN_2,annotation&nbsp;not&nbsp;available,82.9
1216976.AX27061_0050,mglA,annotation&nbsp;not&nbsp;available,82.9
1216976.AX27061_0117,accA1_1,annotation&nbsp;not&nbsp;available,82.9
1216976.AX27061_2946,peb1A_2,annotation&nbsp;not&nbsp;available,82.9
1216976.AX27061_5422,phbC_2,annotation&nbsp;not&nbsp;available,82.8
1216976.AX27061_2983,ilvA_1,L-threonine&nbsp;dehydratase,82.8
1216976.AX27061_6006,rpsQ,30S&nbsp;ribosomal&nbsp;protein&nbsp;S17,82.8
1216976.AX27061_0142,cpdA_1,"3',5'-cyclic&nbsp;adenosine&nbsp;monophosphate&nbsp;phosphodiesterase&nbsp;CpdA",82.8
1216976.AX27061_3075,mobB,annotation&nbsp;not&nbsp;available,82.8
1216976.AX27061_0894,glyS,annotation&nbsp;not&nbsp;available,82.8
1216976.AX27061_1376,nqo5,NADH-quinone&nbsp;oxidoreductase&nbsp;subunit&nbsp;C,82.7
1216976.AX27061_2652,pdhD,annotation&nbsp;not&nbsp;available,82.7
1216976.AX27061_1885,ana,annotation&nbsp;not&nbsp;available,82.6
1216976.AX27061_4782,pstB,Phosphate&nbsp;import&nbsp;ATP-binding&nbsp;protein&nbsp;PstB,82.6
1216976.AX27061_6014,rplD,50S&nbsp;ribosomal&nbsp;protein&nbsp;L4,82.5
1216976.AX27061_4747,AHC49203.1,annotation&nbsp;not&nbsp;available,82.4
1216976.AX27061_3342,gatA_4,annotation&nbsp;not&nbsp;available,82.4
1216976.AX27061_4735,braC_10,annotation&nbsp;not&nbsp;available,82.3
1216976.AX27061_5633,livH_28,annotation&nbsp;not&nbsp;available,82.3
1216976.AX27061_4668,lptE,LPS-assembly&nbsp;lipoprotein&nbsp;LptE,82.3
1216976.AX27061_1421,ilvE_3,annotation&nbsp;not&nbsp;available,82.2
1216976.AX27061_5060,AHC49516.1,annotation&nbsp;not&nbsp;available,82.2
1216976.AX27061_1214,dnaK,Chaperone&nbsp;protein&nbsp;DnaK,82.2
1216976.AX27061_0847,metI_2,annotation&nbsp;not&nbsp;available,82.2
1216976.AX27061_1997,rpsU,annotation&nbsp;not&nbsp;available,82.1
1216976.AX27061_3310,fadJ_1,annotation&nbsp;not&nbsp;available,82.1
1216976.AX27061_2952,gsiA_16,annotation&nbsp;not&nbsp;available,81.9
1216976.AX27061_4264,tktB,annotation&nbsp;not&nbsp;available,81.9
1216976.AX27061_4760,echA8_14,annotation&nbsp;not&nbsp;available,81.9
1216976.AX27061_2776,adh,annotation&nbsp;not&nbsp;available,81.8
1216976.AX27061_5986,rpsE,30S&nbsp;ribosomal&nbsp;protein&nbsp;S5,81.6
1216976.AX27061_1749,qseC_4,annotation&nbsp;not&nbsp;available,81.6
1216976.AX27061_0969,pabB,annotation&nbsp;not&nbsp;available,81.5
1216976.AX27061_1702,sseA,annotation&nbsp;not&nbsp;available,81.5
1216976.AX27061_3000,yusV_2,annotation&nbsp;not&nbsp;available,81.5
1216976.AX27061_3844,uvrD,annotation&nbsp;not&nbsp;available,81.4
1216976.AX27061_2604,dadA,D-amino&nbsp;acid&nbsp;dehydrogenase,81.3
1216976.AX27061_5514,prsD_2,annotation&nbsp;not&nbsp;available,81.3
1216976.AX27061_5307,ftsY,Signal&nbsp;recognition&nbsp;particle&nbsp;receptor&nbsp;FtsY,81.3
1216976.AX27061_1443,accD,Acetyl-coenzyme&nbsp;A&nbsp;carboxylase&nbsp;carboxyl&nbsp;transferase&nbsp;subunit&nbsp;beta,81.2
1216976.AX27061_4886,AHC49342.1,annotation&nbsp;not&nbsp;available,81.2
1216976.AX27061_5859,metK,S-adenosylmethionine&nbsp;synthase,81.2
1216976.AX27061_5392,gcvT,Aminomethyltransferase,81.2
1216976.AX27061_1641,cysA,Sulfate/thiosulfate&nbsp;import&nbsp;ATP-binding&nbsp;protein&nbsp;CysA,81.1
1216976.AX27061_4424,suhB_3,annotation&nbsp;not&nbsp;available,81.1
1216976.AX27061_0490,kipI_2,annotation&nbsp;not&nbsp;available,81.1
1216976.AX27061_1552,sucA,annotation&nbsp;not&nbsp;available,81.1
1216976.AX27061_0185,tatC,Sec-independent&nbsp;protein&nbsp;translocase&nbsp;protein&nbsp;TatC,81.0
1216976.AX27061_2574,rpfG_1,annotation&nbsp;not&nbsp;available,81.0
1216976.AX27061_1717,folE2,GTP&nbsp;cyclohydrolase&nbsp;FolE2,80.9
1216976.AX27061_6009,rpsC,30S&nbsp;ribosomal&nbsp;protein&nbsp;S3,80.9
1216976.AX27061_2961,ssuA_3,annotation&nbsp;not&nbsp;available,80.9
1216976.AX27061_6042,potA_11,annotation&nbsp;not&nbsp;available,80.9
1216976.AX27061_4699,ydcV_3,annotation&nbsp;not&nbsp;available,80.9
1216976.AX27061_2978,cusR,annotation&nbsp;not&nbsp;available,80.9
1216976.AX27061_0480,AHC44947.1,annotation&nbsp;not&nbsp;available,80.9
1216976.AX27061_1441,trpB_1,Tryptophan&nbsp;synthase&nbsp;beta&nbsp;chain,80.8
1216976.AX27061_3891,clpS,ATP-dependent&nbsp;Clp&nbsp;protease&nbsp;adapter&nbsp;protein&nbsp;ClpS,80.7
1216976.AX27061_0780,basR_1,annotation&nbsp;not&nbsp;available,80.7
1216976.AX27061_5524,dgoD_3,annotation&nbsp;not&nbsp;available,80.6
1216976.AX27061_4756,AHC49212.1,annotation&nbsp;not&nbsp;available,80.6
1216976.AX27061_0219,gltD,annotation&nbsp;not&nbsp;available,80.6
1216976.AX27061_2421,flhC,Flagellar&nbsp;transcriptional&nbsp;regulator&nbsp;FlhC,80.6
1216976.AX27061_1423,AHC45888.1,annotation&nbsp;not&nbsp;available,80.6
1216976.AX27061_5916,cysD,annotation&nbsp;not&nbsp;available,80.6
1216976.AX27061_5791,gdhA_2,annotation&nbsp;not&nbsp;available,80.5
1216976.AX27061_1229,tap_1,annotation&nbsp;not&nbsp;available,80.5
1216976.AX27061_6013,rplW,50S&nbsp;ribosomal&nbsp;protein&nbsp;L23,80.5
1216976.AX27061_1374,ndhC,NADH-quinone&nbsp;oxidoreductase&nbsp;subunit&nbsp;A,80.5
1216976.AX27061_0229,ctaDII,Cytochrome&nbsp;c&nbsp;oxidase&nbsp;subunit&nbsp;1,80.5
1216976.AX27061_1481,lptF,annotation&nbsp;not&nbsp;available,80.5
1216976.AX27061_4037,metI_3,annotation&nbsp;not&nbsp;available,80.4
1216976.AX27061_1764,hemX,annotation&nbsp;not&nbsp;available,80.4
1216976.AX27061_1539,sdhB,annotation&nbsp;not&nbsp;available,80.4
1216976.AX27061_5414,ompR_5,annotation&nbsp;not&nbsp;available,80.4
1216976.AX27061_5798,metN2,annotation&nbsp;not&nbsp;available,80.3
1216976.AX27061_2691,glnH_2,annotation&nbsp;not&nbsp;available,80.3
1216976.AX27061_0421,dapD_1,"2,3,4,5-tetrahydropyridine-2,6-dicarboxylate&nbsp;N-succinyltransferase",80.3
1216976.AX27061_2090,pheS,annotation&nbsp;not&nbsp;available,80.2
1216976.AX27061_4243,AHC48702.1,annotation&nbsp;not&nbsp;available,80.2
1216976.AX27061_0265,nadB,L-aspartate&nbsp;oxidase,80.1
1216976.AX27061_1496,AHC45961.1,annotation&nbsp;not&nbsp;available,80.1
1216976.AX27061_4217,glgX,annotation&nbsp;not&nbsp;available,80.0
1216976.AX27061_3695,feuB_2,annotation&nbsp;not&nbsp;available,79.9
1216976.AX27061_4799,modB_5,annotation&nbsp;not&nbsp;available,79.8
1216976.AX27061_2177,AHC46640.1,annotation&nbsp;not&nbsp;available,79.6
1216976.AX27061_6010,rplV,50S&nbsp;ribosomal&nbsp;protein&nbsp;L22,79.6
1216976.AX27061_5983,secY,Protein&nbsp;translocase&nbsp;subunit&nbsp;SecY,79.6
1216976.AX27061_0959,lolD_1,annotation&nbsp;not&nbsp;available,79.5
1216976.AX27061_0965,andAd_1,annotation&nbsp;not&nbsp;available,79.5
1216976.AX27061_0029,thiO_1,annotation&nbsp;not&nbsp;available,79.5
1216976.AX27061_5447,hutU_2,Urocanate&nbsp;hydratase,79.5
1216976.AX27061_4937,ubiD,3-octaprenyl-4-hydroxybenzoate&nbsp;carboxy-lyase,79.4
1216976.AX27061_1642,cysH,Phosphoadenosine&nbsp;phosphosulfate&nbsp;reductase,79.4
1216976.AX27061_3084,narK,annotation&nbsp;not&nbsp;available,79.4
1216976.AX27061_1457,fabD,annotation&nbsp;not&nbsp;available,79.4
1216976.AX27061_1399,envZ_2,annotation&nbsp;not&nbsp;available,79.4
1216976.AX27061_0411,atpC,ATP&nbsp;synthase&nbsp;epsilon&nbsp;chain,79.4
1216976.AX27061_4583,AHC49041.1,annotation&nbsp;not&nbsp;available,79.4
1216976.AX27061_2431,cheZ,Protein&nbsp;phosphatase&nbsp;CheZ,79.3
1216976.AX27061_2580,ycjP_3,annotation&nbsp;not&nbsp;available,79.3
1216976.AX27061_1674,mucD_2,annotation&nbsp;not&nbsp;available,79.2
1216976.AX27061_4218,treZ,annotation&nbsp;not&nbsp;available,79.2
1216976.AX27061_4859,araG_2,annotation&nbsp;not&nbsp;available,79.2
1216976.AX27061_1926,dmlA_1,annotation&nbsp;not&nbsp;available,79.2
1216976.AX27061_1719,rpsF,30S&nbsp;ribosomal&nbsp;protein&nbsp;S6,79.1
1216976.AX27061_2466,AHC46928.1,annotation&nbsp;not&nbsp;available,79.1
1216976.AX27061_4924,tktA,annotation&nbsp;not&nbsp;available,79.0
1216976.AX27061_5485,nylA_2,annotation&nbsp;not&nbsp;available,79.0
1216976.AX27061_2664,serB_3,annotation&nbsp;not&nbsp;available,79.0
1216976.AX27061_5634,araG_3,annotation&nbsp;not&nbsp;available,78.9
1216976.AX27061_0396,pcaI_1,annotation&nbsp;not&nbsp;available,78.8
1216976.AX27061_3934,hpcE_2,annotation&nbsp;not&nbsp;available,78.7
1216976.AX27061_4693,bdlA_2,annotation&nbsp;not&nbsp;available,78.7
1216976.AX27061_4650,proW,annotation&nbsp;not&nbsp;available,78.7
1216976.AX27061_4942,cmpD_5,annotation&nbsp;not&nbsp;available,78.7
1216976.AX27061_0546,livH_3,annotation&nbsp;not&nbsp;available,78.7
1216976.AX27061_2788,mcl2_1,annotation&nbsp;not&nbsp;available,78.7
1216976.AX27061_4798,pgtC,annotation&nbsp;not&nbsp;available,78.6
1216976.AX27061_1941,AHC46406.1,annotation&nbsp;not&nbsp;available,78.6
1216976.AX27061_3077,moaA_1,"GTP&nbsp;3',8-cyclase",78.6
1216976.AX27061_3349,AHC47809.1,annotation&nbsp;not&nbsp;available,78.6
1216976.AX27061_1774,livH_12,annotation&nbsp;not&nbsp;available,78.6
1216976.AX27061_5635,livF,annotation&nbsp;not&nbsp;available,78.5
1216976.AX27061_0572,thiO_3,annotation&nbsp;not&nbsp;available,78.5
1216976.AX27061_0145,leuA,2-isopropylmalate&nbsp;synthase,78.5
1216976.AX27061_0615,AHC45082.1,annotation&nbsp;not&nbsp;available,78.4
1216976.AX27061_2280,fabG_12,annotation&nbsp;not&nbsp;available,78.4
1216976.AX27061_0842,suhB_1,annotation&nbsp;not&nbsp;available,78.4
1216976.AX27061_0825,secA,Protein&nbsp;translocase&nbsp;subunit&nbsp;SecA,78.4
1216976.AX27061_5482,dgoD_2,annotation&nbsp;not&nbsp;available,78.3
1216976.AX27061_4685,scpC,annotation&nbsp;not&nbsp;available,78.3
1216976.AX27061_2751,rstA_1,annotation&nbsp;not&nbsp;available,78.3
1216976.AX27061_1377,nuoD,NADH-quinone&nbsp;oxidoreductase&nbsp;subunit&nbsp;D,78.3
1216976.AX27061_1020,purH,annotation&nbsp;not&nbsp;available,78.3
1216976.AX27061_4993,AHC49449.1,annotation&nbsp;not&nbsp;available,78.3
1216976.AX27061_0781,rssA_1,annotation&nbsp;not&nbsp;available,78.2
1216976.AX27061_4857,livH_23,annotation&nbsp;not&nbsp;available,78.2
1216976.AX27061_1007,minC,Probable&nbsp;septum&nbsp;site-determining&nbsp;protein&nbsp;MinC,78.1
1216976.AX27061_5726,yvdD_2,annotation&nbsp;not&nbsp;available,78.0
1216976.AX27061_3072,narL,annotation&nbsp;not&nbsp;available,77.9
1216976.AX27061_5631,braC_15,annotation&nbsp;not&nbsp;available,77.9
1216976.AX27061_0148,AHC44616.1,RNA&nbsp;polymerase&nbsp;sigma-54&nbsp;factor,77.9
1216976.AX27061_0503,phoB,annotation&nbsp;not&nbsp;available,77.9
1216976.AX27061_2764,lptB_7,annotation&nbsp;not&nbsp;available,77.8
1216976.AX27061_5728,gph_3,annotation&nbsp;not&nbsp;available,77.8
1216976.AX27061_2616,mrpD,annotation&nbsp;not&nbsp;available,77.8
1216976.AX27061_2582,AHC47044.1,annotation&nbsp;not&nbsp;available,77.8
1216976.AX27061_2849,pstS_2,annotation&nbsp;not&nbsp;available,77.7
1216976.AX27061_2677,AHC47139.1,annotation&nbsp;not&nbsp;available,77.7
1216976.AX27061_5725,bfr_2,annotation&nbsp;not&nbsp;available,77.7
1216976.AX27061_1327,mprA_1,annotation&nbsp;not&nbsp;available,77.7
1216976.AX27061_0442,paaH_1,annotation&nbsp;not&nbsp;available,77.6
1216976.AX27061_2428,cheR_1,Chemotaxis&nbsp;protein&nbsp;methyltransferase,77.6
1216976.AX27061_4958,secD,Protein&nbsp;translocase&nbsp;subunit&nbsp;SecD,77.6
1216976.AX27061_1233,kdpE,annotation&nbsp;not&nbsp;available,77.6
1216976.AX27061_1329,fabG_7,annotation&nbsp;not&nbsp;available,77.5
1216976.AX27061_5539,AHC49993.1,annotation&nbsp;not&nbsp;available,77.5
1216976.AX27061_4729,AHC49185.1,annotation&nbsp;not&nbsp;available,77.4
1216976.AX27061_0026,modB_1,annotation&nbsp;not&nbsp;available,77.4
1216976.AX27061_1795,pntB,NAD(P)&nbsp;transhydrogenase&nbsp;subunit&nbsp;beta,77.4
1216976.AX27061_4656,rpmG,annotation&nbsp;not&nbsp;available,77.3
1216976.AX27061_1902,rfaG,annotation&nbsp;not&nbsp;available,77.3
1216976.AX27061_3999,gsiA_20,annotation&nbsp;not&nbsp;available,77.3
1216976.AX27061_1205,bamE,Outer&nbsp;membrane&nbsp;protein&nbsp;assembly&nbsp;factor&nbsp;BamE,77.3
1216976.AX27061_2146,fabG_11,annotation&nbsp;not&nbsp;available,77.2
1216976.AX27061_0678,livH_7,annotation&nbsp;not&nbsp;available,77.2
1216976.AX27061_0613,thiD_2,annotation&nbsp;not&nbsp;available,77.2
1216976.AX27061_4614,modB_4,annotation&nbsp;not&nbsp;available,77.2
1216976.AX27061_3079,narI,annotation&nbsp;not&nbsp;available,77.1
1216976.AX27061_4874,fda,annotation&nbsp;not&nbsp;available,77.1
1216976.AX27061_4046,AHC48505.1,annotation&nbsp;not&nbsp;available,77.1
1216976.AX27061_4584,AHC49042.1,annotation&nbsp;not&nbsp;available,77.1
1216976.AX27061_4492,rcsB_2,annotation&nbsp;not&nbsp;available,77.1
1216976.AX27061_1619,himD,Integration&nbsp;host&nbsp;factor&nbsp;subunit&nbsp;beta,77.1
1216976.AX27061_3559,mcl2_2,annotation&nbsp;not&nbsp;available,77.1
1216976.AX27061_4880,gsiA_24,annotation&nbsp;not&nbsp;available,77.0
1216976.AX27061_0510,tolC_1,annotation&nbsp;not&nbsp;available,77.0
1216976.AX27061_6021,rpsL,30S&nbsp;ribosomal&nbsp;protein&nbsp;S12,77.0
1216976.AX27061_0216,kipI_1,annotation&nbsp;not&nbsp;available,77.0
1216976.AX27061_4033,AHC48492.1,annotation&nbsp;not&nbsp;available,77.0
1216976.AX27061_5720,rsmB_2,Ribosomal&nbsp;RNA&nbsp;small&nbsp;subunit&nbsp;methyltransferase&nbsp;B,77.0
1216976.AX27061_3099,nrdD,annotation&nbsp;not&nbsp;available,76.9
1216976.AX27061_4524,cls_2,annotation&nbsp;not&nbsp;available,76.9
1216976.AX27061_1016,tdcB_1,annotation&nbsp;not&nbsp;available,76.9
1216976.AX27061_2426,cheW,annotation&nbsp;not&nbsp;available,76.8
1216976.AX27061_2999,fepG_2,annotation&nbsp;not&nbsp;available,76.7
1216976.AX27061_0197,hisG,ATP&nbsp;phosphoribosyltransferase,76.7
1216976.AX27061_2359,bkdA2,annotation&nbsp;not&nbsp;available,76.7
1216976.AX27061_0841,fadD_1,annotation&nbsp;not&nbsp;available,76.7
1216976.AX27061_5455,rpmJ,annotation&nbsp;not&nbsp;available,76.7
1216976.AX27061_2246,ddhB,annotation&nbsp;not&nbsp;available,76.6
1216976.AX27061_1415,braC_4,annotation&nbsp;not&nbsp;available,76.6
1216976.AX27061_3201,amiC_6,annotation&nbsp;not&nbsp;available,76.5
1216976.AX27061_3850,ileS,Isoleucine--tRNA&nbsp;ligase,76.5
1216976.AX27061_2088,rpmI,annotation&nbsp;not&nbsp;available,76.4
1216976.AX27061_4358,pcaF_4,annotation&nbsp;not&nbsp;available,76.4
1216976.AX27061_0386,livF_1,annotation&nbsp;not&nbsp;available,76.3
1216976.AX27061_1235,kdpC,Potassium-transporting&nbsp;ATPase&nbsp;KdpC&nbsp;subunit,76.3
1216976.AX27061_5041,btuC,annotation&nbsp;not&nbsp;available,76.2
1216976.AX27061_2577,ugpC_4,annotation&nbsp;not&nbsp;available,76.2
1216976.AX27061_0964,ndoA_1,annotation&nbsp;not&nbsp;available,76.2
1216976.AX27061_4592,bioD,ATP-dependent&nbsp;dethiobiotin&nbsp;synthetase&nbsp;BioD,76.2
1216976.AX27061_3358,AHC47818.1,annotation&nbsp;not&nbsp;available,76.0
1216976.AX27061_1014,envZ_1,annotation&nbsp;not&nbsp;available,76.0
1216976.AX27061_1366,ywrD_2,annotation&nbsp;not&nbsp;available,76.0
1216976.AX27061_2985,icd_2,annotation&nbsp;not&nbsp;available,76.0
1216976.AX27061_1536,sdhC,annotation&nbsp;not&nbsp;available,76.0
1216976.AX27061_1424,livH_11,annotation&nbsp;not&nbsp;available,76.0
1216976.AX27061_1273,feuB_1,annotation&nbsp;not&nbsp;available,75.9
1216976.AX27061_0391,amiC_2,annotation&nbsp;not&nbsp;available,75.9
1216976.AX27061_0585,AHC45052.1,annotation&nbsp;not&nbsp;available,75.9
1216976.AX27061_5053,thrC_3,annotation&nbsp;not&nbsp;available,75.9
1216976.AX27061_2381,AHC46844.1,annotation&nbsp;not&nbsp;available,75.9
1216976.AX27061_2693,glnQ_3,annotation&nbsp;not&nbsp;available,75.8
1216976.AX27061_1843,cls_1,annotation&nbsp;not&nbsp;available,75.8
1216976.AX27061_5733,yngG_3,annotation&nbsp;not&nbsp;available,75.8
1216976.AX27061_1291,tdcB_2,annotation&nbsp;not&nbsp;available,75.8
1216976.AX27061_3914,rpsT,30S&nbsp;ribosomal&nbsp;protein&nbsp;S20,75.7
1216976.AX27061_4551,gsiA_23,annotation&nbsp;not&nbsp;available,75.7
1216976.AX27061_5615,paaH_6,annotation&nbsp;not&nbsp;available,75.7
1216976.AX27061_4922,pgk,annotation&nbsp;not&nbsp;available,75.6
1216976.AX27061_0254,yfiZ_1,annotation&nbsp;not&nbsp;available,75.6
1216976.AX27061_0887,AHC45353.1,annotation&nbsp;not&nbsp;available,75.6
1216976.AX27061_0408,atpA,ATP&nbsp;synthase&nbsp;subunit&nbsp;alpha,75.6
1216976.AX27061_2290,fucA_1,annotation&nbsp;not&nbsp;available,75.6
1216976.AX27061_0031,ghrA_1,annotation&nbsp;not&nbsp;available,75.5
1216976.AX27061_2491,rpsB,annotation&nbsp;not&nbsp;available,75.5
1216976.AX27061_2802,AHC47264.1,RNA&nbsp;polymerase&nbsp;sigma-54&nbsp;factor,75.5
1216976.AX27061_1696,clcD_2,annotation&nbsp;not&nbsp;available,75.5
1216976.AX27061_5807,AHC50259.1,annotation&nbsp;not&nbsp;available,75.4
1216976.AX27061_3593,pleD_3,annotation&nbsp;not&nbsp;available,75.4
1216976.AX27061_1625,cysM,annotation&nbsp;not&nbsp;available,75.4
1216976.AX27061_4895,AHC49351.1,Phosphonates&nbsp;import&nbsp;ATP-binding&nbsp;protein&nbsp;PhnC,75.3
1216976.AX27061_2053,ilvD_2,annotation&nbsp;not&nbsp;available,75.3
1216976.AX27061_6004,AHC50456.1,annotation&nbsp;not&nbsp;available,75.3
1216976.AX27061_0400,echA8_1,annotation&nbsp;not&nbsp;available,75.3
1216976.AX27061_3091,mdtC_3,annotation&nbsp;not&nbsp;available,75.1
1216976.AX27061_0538,yhdY_1,annotation&nbsp;not&nbsp;available,75.1
1216976.AX27061_3393,ssuE_2,annotation&nbsp;not&nbsp;available,75.1
1216976.AX27061_5978,rpoA,DNA-directed&nbsp;RNA&nbsp;polymerase&nbsp;subunit&nbsp;alpha,75.1
1216976.AX27061_1793,AHC46258.1,annotation&nbsp;not&nbsp;available,75.1
1216976.AX27061_3592,luxQ_2,annotation&nbsp;not&nbsp;available,75.1
1216976.AX27061_2543,bsaA,annotation&nbsp;not&nbsp;available,75.0
1216976.AX27061_5748,AHC50202.1,annotation&nbsp;not&nbsp;available,75.0
1216976.AX27061_4216,glgB,"1,4-alpha-glucan&nbsp;branching&nbsp;enzyme&nbsp;GlgB",74.9
1216976.AX27061_1018,ruvA,Holliday&nbsp;junction&nbsp;ATP-dependent&nbsp;DNA&nbsp;helicase&nbsp;RuvA,74.9
1216976.AX27061_0459,lptB_1,annotation&nbsp;not&nbsp;available,74.9
1216976.AX27061_3395,xecA1,annotation&nbsp;not&nbsp;available,74.9
1216976.AX27061_0409,atpG,ATP&nbsp;synthase&nbsp;gamma&nbsp;chain,74.8
1216976.AX27061_1418,livF_9,annotation&nbsp;not&nbsp;available,74.7
1216976.AX27061_0769,fhuC_1,annotation&nbsp;not&nbsp;available,74.7
1216976.AX27061_4698,potB_3,annotation&nbsp;not&nbsp;available,74.7
1216976.AX27061_2264,paaH_2,annotation&nbsp;not&nbsp;available,74.7
1216976.AX27061_2926,mqo,annotation&nbsp;not&nbsp;available,74.6
1216976.AX27061_3627,alkJ_2,annotation&nbsp;not&nbsp;available,74.6
1216976.AX27061_2379,gspH,annotation&nbsp;not&nbsp;available,74.6
1216976.AX27061_0438,AHC44905.1,annotation&nbsp;not&nbsp;available,74.6
1216976.AX27061_3830,dapD_2,annotation&nbsp;not&nbsp;available,74.6
1216976.AX27061_6003,livH_31,annotation&nbsp;not&nbsp;available,74.5
1216976.AX27061_2499,bamA,Outer&nbsp;membrane&nbsp;protein&nbsp;assembly&nbsp;factor&nbsp;BamA,74.4
1216976.AX27061_0812,murE,Multifunctional&nbsp;fusion&nbsp;protein,74.4
1216976.AX27061_1618,rpsA,30S&nbsp;ribosomal&nbsp;protein&nbsp;S1,74.4
1216976.AX27061_4894,phnD_1,annotation&nbsp;not&nbsp;available,74.4
1216976.AX27061_4128,yghU,annotation&nbsp;not&nbsp;available,74.4
1216976.AX27061_1803,AHC46268.1,annotation&nbsp;not&nbsp;available,74.3
1216976.AX27061_1484,mmsA_1,annotation&nbsp;not&nbsp;available,74.3
1216976.AX27061_1215,dnaJ,Chaperone&nbsp;protein&nbsp;DnaJ,74.3
1216976.AX27061_6015,rplC,50S&nbsp;ribosomal&nbsp;protein&nbsp;L3,74.2
1216976.AX27061_2340,xthA,annotation&nbsp;not&nbsp;available,74.2
1216976.AX27061_5705,gpmA,"2,3-bisphosphoglycerate-dependent&nbsp;phosphoglycerate&nbsp;mutase",74.2
1216976.AX27061_4607,acrB_2,annotation&nbsp;not&nbsp;available,74.2
1216976.AX27061_5396,adiA,annotation&nbsp;not&nbsp;available,74.2
1216976.AX27061_0714,rsbU,annotation&nbsp;not&nbsp;available,74.1
1216976.AX27061_2493,pyrH,Uridylate&nbsp;kinase,74.1
1216976.AX27061_1570,phbC_1,annotation&nbsp;not&nbsp;available,74.1
1216976.AX27061_2370,epsE_1,annotation&nbsp;not&nbsp;available,74.0
1216976.AX27061_5245,ilvB_2,annotation&nbsp;not&nbsp;available,74.0
1216976.AX27061_1763,AHC46228.1,annotation&nbsp;not&nbsp;available,73.9
1216976.AX27061_3204,livH_16,annotation&nbsp;not&nbsp;available,73.9
1216976.AX27061_0881,lptD,LPS-assembly&nbsp;protein&nbsp;LptD,73.9
1216976.AX27061_5992,rplX,50S&nbsp;ribosomal&nbsp;protein&nbsp;L24,73.9
1216976.AX27061_0955,macA,annotation&nbsp;not&nbsp;available,73.8
1216976.AX27061_1463,AHC45928.1,annotation&nbsp;not&nbsp;available,73.8
1216976.AX27061_4157,AHC48616.1,annotation&nbsp;not&nbsp;available,73.7
1216976.AX27061_5286,AHC49741.1,annotation&nbsp;not&nbsp;available,73.7
1216976.AX27061_2021,gmr_1,annotation&nbsp;not&nbsp;available,73.6
1216976.AX27061_4783,pstA_1,annotation&nbsp;not&nbsp;available,73.6
1216976.AX27061_2494,frr,Ribosome-recycling&nbsp;factor,73.6
1216976.AX27061_0545,AHC45012.1,annotation&nbsp;not&nbsp;available,73.5
1216976.AX27061_3731,nifU,Iron-sulfur&nbsp;cluster&nbsp;assembly&nbsp;scaffold&nbsp;protein&nbsp;IscU,73.4
1216976.AX27061_0187,tatA,Sec-independent&nbsp;protein&nbsp;translocase&nbsp;protein&nbsp;TatA,73.4
1216976.AX27061_1869,argD_2,annotation&nbsp;not&nbsp;available,73.4
1216976.AX27061_2637,gcp,tRNA&nbsp;N6-adenosine&nbsp;threonylcarbamoyltransferase,73.3
1216976.AX27061_5979,rpsD,30S&nbsp;ribosomal&nbsp;protein&nbsp;S4,73.3
1216976.AX27061_1844,gltB_2,annotation&nbsp;not&nbsp;available,73.3
1216976.AX27061_3106,AHC47568.1,annotation&nbsp;not&nbsp;available,73.2
1216976.AX27061_5335,tar_6,annotation&nbsp;not&nbsp;available,73.1
1216976.AX27061_4390,rcsC_1,annotation&nbsp;not&nbsp;available,73.1
1216976.AX27061_0407,atpH,ATP&nbsp;synthase&nbsp;subunit&nbsp;delta,73.0
1216976.AX27061_2842,AHC47304.1,annotation&nbsp;not&nbsp;available,73.0
1216976.AX27061_5432,appB,annotation&nbsp;not&nbsp;available,72.9
1216976.AX27061_2962,ssuC_7,annotation&nbsp;not&nbsp;available,72.9
1216976.AX27061_3455,AHC47915.1,annotation&nbsp;not&nbsp;available,72.9
1216976.AX27061_0107,bbsG,annotation&nbsp;not&nbsp;available,72.9
1216976.AX27061_5997,mdeA_5,annotation&nbsp;not&nbsp;available,72.9
1216976.AX27061_2401,ttgB,annotation&nbsp;not&nbsp;available,72.9
1216976.AX27061_4463,AHC48921.1,annotation&nbsp;not&nbsp;available,72.8
1216976.AX27061_5876,hslU,ATP-dependent&nbsp;protease&nbsp;ATPase&nbsp;subunit&nbsp;HslU,72.7
1216976.AX27061_5620,pcaI_3,annotation&nbsp;not&nbsp;available,72.6
1216976.AX27061_4407,accA,Acetyl-coenzyme&nbsp;A&nbsp;carboxylase&nbsp;carboxyl&nbsp;transferase&nbsp;subunit&nbsp;alpha,72.6
1216976.AX27061_5431,appC_2,annotation&nbsp;not&nbsp;available,72.5
1216976.AX27061_2921,gstB_2,annotation&nbsp;not&nbsp;available,72.4
1216976.AX27061_0385,AHC44852.1,annotation&nbsp;not&nbsp;available,72.4
1216976.AX27061_0698,ribD,Riboflavin&nbsp;biosynthesis&nbsp;protein&nbsp;RibD,72.4
1216976.AX27061_2744,kpsT,annotation&nbsp;not&nbsp;available,72.3
1216976.AX27061_5408,metG,Methionine--tRNA&nbsp;ligase,72.3
1216976.AX27061_0458,AHC44925.1,annotation&nbsp;not&nbsp;available,72.2
1216976.AX27061_1427,drrA_1,annotation&nbsp;not&nbsp;available,72.2
1216976.AX27061_4333,algC_1,annotation&nbsp;not&nbsp;available,72.2
1216976.AX27061_5987,rplR,50S&nbsp;ribosomal&nbsp;protein&nbsp;L18,72.1
1216976.AX27061_3978,gstB_6,annotation&nbsp;not&nbsp;available,72.0
1216976.AX27061_1597,AHC46062.1,annotation&nbsp;not&nbsp;available,72.0
1216976.AX27061_4884,AHC49340.1,annotation&nbsp;not&nbsp;available,71.9
1216976.AX27061_5470,AHC49925.1,annotation&nbsp;not&nbsp;available,71.9
1216976.AX27061_0680,livF_6,annotation&nbsp;not&nbsp;available,71.8
1216976.AX27061_2944,yhdY_3,annotation&nbsp;not&nbsp;available,71.8
1216976.AX27061_4990,nqo1_2,annotation&nbsp;not&nbsp;available,71.8
1216976.AX27061_2478,AHC46940.1,annotation&nbsp;not&nbsp;available,71.8
1216976.AX27061_1381,nuoH,NADH-quinone&nbsp;oxidoreductase&nbsp;subunit&nbsp;H,71.7
1216976.AX27061_1386,nuoM,annotation&nbsp;not&nbsp;available,71.7
1216976.AX27061_0547,braC_1,annotation&nbsp;not&nbsp;available,71.7
1216976.AX27061_3717,AHC48177.1,annotation&nbsp;not&nbsp;available,71.6
1216976.AX27061_2332,gatA_2,annotation&nbsp;not&nbsp;available,71.6
1216976.AX27061_0134,argS,annotation&nbsp;not&nbsp;available,71.6
1216976.AX27061_3229,motA_2,annotation&nbsp;not&nbsp;available,71.5
1216976.AX27061_0331,ssuD,Alkanesulfonate&nbsp;monooxygenase,71.4
1216976.AX27061_4335,AHC48794.1,annotation&nbsp;not&nbsp;available,71.4
1216976.AX27061_5603,sucB_2,Acetyltransferase&nbsp;component&nbsp;of&nbsp;pyruvate&nbsp;dehydrogenase&nbsp;complex,71.4
1216976.AX27061_1537,sdhD,annotation&nbsp;not&nbsp;available,71.4
1216976.AX27061_5995,gabD_4,annotation&nbsp;not&nbsp;available,71.3
1216976.AX27061_1914,dctB,annotation&nbsp;not&nbsp;available,71.3
1216976.AX27061_5931,ybhO_2,Cardiolipin&nbsp;synthase&nbsp;B,71.3
1216976.AX27061_3865,yecS_9,annotation&nbsp;not&nbsp;available,71.3
1216976.AX27061_0017,artM_1,annotation&nbsp;not&nbsp;available,71.3
1216976.AX27061_1369,AHC45834.1,annotation&nbsp;not&nbsp;available,71.1
1216976.AX27061_0956,macB,Macrolide&nbsp;export&nbsp;ATP-binding/permease&nbsp;protein&nbsp;MacB,71.1
1216976.AX27061_1299,tpiA,Triosephosphate&nbsp;isomerase,71.0
1216976.AX27061_1416,livH_10,annotation&nbsp;not&nbsp;available,71.0
1216976.AX27061_1669,kynB,Kynurenine&nbsp;formamidase,70.9
1216976.AX27061_1511,gsiD_3,annotation&nbsp;not&nbsp;available,70.9
1216976.AX27061_1754,metE,5-methyltetrahydropteroyltriglutamate--homocysteine&nbsp;methyltransferase,70.9
1216976.AX27061_0035,acxA_1,annotation&nbsp;not&nbsp;available,70.9
1216976.AX27061_0215,accC_1,annotation&nbsp;not&nbsp;available,70.9
1216976.AX27061_3709,lysS,annotation&nbsp;not&nbsp;available,70.8
1216976.AX27061_2411,aceF,Acetyltransferase&nbsp;component&nbsp;of&nbsp;pyruvate&nbsp;dehydrogenase&nbsp;complex,70.8
1216976.AX27061_0255,fepG_1,annotation&nbsp;not&nbsp;available,70.8
1216976.AX27061_3719,livJ,annotation&nbsp;not&nbsp;available,70.7
1216976.AX27061_0086,argD_1,annotation&nbsp;not&nbsp;available,70.7
1216976.AX27061_3341,mcp4_2,annotation&nbsp;not&nbsp;available,70.7
1216976.AX27061_3694,fepD,annotation&nbsp;not&nbsp;available,70.7
1216976.AX27061_4438,ssuB_9,annotation&nbsp;not&nbsp;available,70.6
1216976.AX27061_4550,gsiA_22,annotation&nbsp;not&nbsp;available,70.5
1216976.AX27061_6050,ansA,annotation&nbsp;not&nbsp;available,70.5
1216976.AX27061_2424,cheY_1,annotation&nbsp;not&nbsp;available,70.4
1216976.AX27061_4694,AHC49151.1,annotation&nbsp;not&nbsp;available,70.4
1216976.AX27061_4039,metQ_5,annotation&nbsp;not&nbsp;available,70.3
1216976.AX27061_0083,fliY_1,annotation&nbsp;not&nbsp;available,70.3
1216976.AX27061_3082,narG,annotation&nbsp;not&nbsp;available,70.2
1216976.AX27061_3527,AHC47987.1,annotation&nbsp;not&nbsp;available,70.2
1216976.AX27061_2267,ilvD_3,annotation&nbsp;not&nbsp;available,70.2
1216976.AX27061_4331,galE,annotation&nbsp;not&nbsp;available,70.2
1216976.AX27061_4832,yngG_1,annotation&nbsp;not&nbsp;available,70.1
1216976.AX27061_6039,glnA_2,annotation&nbsp;not&nbsp;available,70.1
1216976.AX27061_2719,glnL,annotation&nbsp;not&nbsp;available,70.1
1216976.AX27061_2728,modB_2,annotation&nbsp;not&nbsp;available,70.1
1216976.AX27061_1554,lpd_1,annotation&nbsp;not&nbsp;available,70.1
1216976.AX27061_4090,AHC48549.1,annotation&nbsp;not&nbsp;available,70.1
